query_id,repository,strategy,recall@5,recall@10,recall@20,mrr@10,first_query_ms,latencies_ms
flask-06,flask,vector-only,0.0,1.0,1.0,0.14285714285714285,147.71590009331703,"[23.837300017476082, 24.091099854558706, 23.649699985980988]"
flask-06,flask,bm25,1.0,1.0,1.0,0.3333333333333333,52.784099942073226,"[16.461200080811977, 16.561799915507436, 16.794899944216013]"
flask-06,flask,hybrid,1.0,1.0,1.0,0.3333333333333333,29.75039999000728,"[28.429299825802445, 30.4169999435544, 30.266700079664588]"
flask-06,flask,ast-aware,1.0,1.0,1.0,0.3333333333333333,216.15140000358224,"[41.76209983415902, 42.96940006315708, 40.88300000876188]"
flask-07,flask,vector-only,1.0,1.0,1.0,0.3333333333333333,24.074999848380685,"[24.006000021472573, 23.33069988526404, 23.70689995586872]"
flask-07,flask,bm25,1.0,1.0,1.0,0.3333333333333333,19.10979999229312,"[16.05589990504086, 16.3801999296993, 16.171100083738565]"
flask-07,flask,hybrid,1.0,1.0,1.0,0.5,26.640000054612756,"[30.882199993357062, 28.661200078204274, 27.738699922338128]"
flask-07,flask,ast-aware,1.0,1.0,1.0,0.3333333333333333,39.53789989463985,"[38.85110002011061, 41.12439998425543, 40.556800086051226]"
flask-08,flask,vector-only,1.0,1.0,1.0,0.5,26.437199907377362,"[23.869600147008896, 24.691300000995398, 23.54310010559857]"
flask-08,flask,bm25,1.0,1.0,1.0,0.5,19.89100011996925,"[16.849600011482835, 18.226200016215444, 18.191799987107515]"
flask-08,flask,hybrid,1.0,1.0,1.0,0.5,27.490299893543124,"[26.18979988619685, 27.53870002925396, 28.207900002598763]"
flask-08,flask,ast-aware,1.0,1.0,1.0,0.25,43.5467001516372,"[43.9480000641197, 43.38899999856949, 50.25930004194379]"
flask-09,flask,vector-only,1.0,1.0,1.0,0.5,31.317400047555566,"[31.851999927312136, 30.11850011534989, 27.353100012987852]"
flask-09,flask,bm25,1.0,1.0,1.0,1.0,23.59689981676638,"[19.797499990090728, 22.266600048169494, 20.898899994790554]"
flask-09,flask,hybrid,1.0,1.0,1.0,1.0,37.0620999019593,"[33.995999954640865, 34.72009999677539, 32.70630002953112]"
flask-09,flask,ast-aware,1.0,1.0,1.0,1.0,44.04409998096526,"[43.68219990283251, 47.28349996730685, 44.89700007252395]"
flask-10,flask,vector-only,0.25,0.25,0.5,1.0,24.26839992403984,"[24.764100089669228, 25.734099792316556, 24.94989987462759]"
flask-10,flask,bm25,0.5,0.5,0.5,1.0,19.11569992080331,"[16.445800196379423, 18.774700118228793, 15.462999930605292]"
flask-10,flask,hybrid,0.25,0.25,0.75,1.0,29.654699843376875,"[27.332500088959932, 27.98490016721189, 27.155400021001697]"
flask-10,flask,ast-aware,0.25,0.25,0.75,0.2,42.426300002261996,"[40.50279990769923, 40.56210000999272, 39.813000010326505]"
flask-11,flask,vector-only,1.0,1.0,1.0,1.0,24.83040001243353,"[23.2079999987036, 22.758400067687035, 23.551899939775467]"
flask-11,flask,bm25,1.0,1.0,1.0,1.0,16.980000073090196,"[16.1354998126626, 18.996499944478273, 16.67560008354485]"
flask-11,flask,hybrid,1.0,1.0,1.0,1.0,28.516699792817235,"[30.27629991993308, 31.6085999365896, 34.50220008380711]"
flask-11,flask,ast-aware,1.0,1.0,1.0,1.0,52.6484998408705,"[55.11990003287792, 47.01270000077784, 45.1857999432832]"
flask-12,flask,vector-only,1.0,1.0,1.0,1.0,25.71490011177957,"[25.05509997718036, 27.088799979537725, 25.569200050085783]"
flask-12,flask,bm25,1.0,1.0,1.0,1.0,16.714199911803007,"[15.766700031235814, 16.188499983400106, 16.14520000293851]"
flask-12,flask,hybrid,1.0,1.0,1.0,1.0,29.794399859383702,"[27.996200136840343, 30.62930004671216, 28.300599893555045]"
flask-12,flask,ast-aware,1.0,1.0,1.0,0.3333333333333333,40.307499933987856,"[41.35109996423125, 46.155499992892146, 53.15729998983443]"
flask-13,flask,vector-only,0.0,1.0,1.0,0.16666666666666666,25.101799983531237,"[23.216000059619546, 25.36840015091002, 24.827999994158745]"
flask-13,flask,bm25,0.0,1.0,1.0,0.14285714285714285,18.67419993504882,"[18.15979997627437, 16.511499881744385, 16.3137000054121]"
flask-13,flask,hybrid,1.0,1.0,1.0,0.3333333333333333,31.410800060257316,"[30.565100023522973, 39.860500022768974, 31.854100059717894]"
flask-13,flask,ast-aware,1.0,1.0,1.0,0.3333333333333333,46.827000100165606,"[45.690499944612384, 45.44410016387701, 47.35159990377724]"
flask-14,flask,vector-only,1.0,1.0,1.0,1.0,29.249300016090274,"[29.212799854576588, 26.919999858364463, 27.62999990954995]"
flask-14,flask,bm25,1.0,1.0,1.0,1.0,20.088399993255734,"[20.191699964925647, 20.608499879017472, 17.968100029975176]"
flask-14,flask,hybrid,1.0,1.0,1.0,1.0,29.891200130805373,"[35.232100170105696, 30.14510008506477, 29.973000055179]"
flask-14,flask,ast-aware,1.0,1.0,1.0,1.0,45.88250000961125,"[42.40930010564625, 45.19809992052615, 44.86260004341602]"
flask-15,flask,vector-only,1.0,1.0,1.0,0.5,25.915599893778563,"[26.46269998513162, 25.224599987268448, 25.465199956670403]"
flask-15,flask,bm25,1.0,1.0,1.0,1.0,18.374899867922068,"[19.245099974796176, 20.154000027105212, 17.731700092554092]"
flask-15,flask,hybrid,1.0,1.0,1.0,0.5,30.698399990797043,"[31.029200181365013, 29.6144001185894, 29.91049992851913]"
flask-15,flask,ast-aware,1.0,1.0,1.0,0.5,43.65690005943179,"[41.28090012818575, 46.53099994175136, 44.977599987760186]"
flask-16,flask,vector-only,0.75,1.0,1.0,0.5,27.324399910867214,"[25.287100113928318, 24.1499999538064, 25.072500109672546]"
flask-16,flask,bm25,0.25,0.25,0.75,1.0,17.21190009266138,"[16.23539999127388, 16.683500027284026, 18.089799908921123]"
flask-16,flask,hybrid,0.5,0.75,1.0,0.5,28.631000081077218,"[29.160600155591965, 27.962999884039164, 30.16900015063584]"
flask-16,flask,ast-aware,0.5,0.75,1.0,0.5,41.48679994978011,"[42.606999864801764, 39.17110012844205, 41.660299990326166]"
flask-17,flask,vector-only,1.0,1.0,1.0,1.0,25.00810008496046,"[25.011599995195866, 25.2041001804173, 23.824699921533465]"
flask-17,flask,bm25,1.0,1.0,1.0,1.0,17.97179994173348,"[16.05609990656376, 21.536200074478984, 30.269599985331297]"
flask-17,flask,hybrid,1.0,1.0,1.0,1.0,29.47749989107251,"[30.25879990309477, 27.599799912422895, 27.857700129970908]"
flask-17,flask,ast-aware,1.0,1.0,1.0,1.0,47.96120012179017,"[46.91209993325174, 43.19150000810623, 52.87390016019344]"
flask-18,flask,vector-only,1.0,1.0,1.0,0.25,36.64279985241592,"[26.382199954241514, 24.025599937886, 26.601199992001057]"
flask-18,flask,bm25,1.0,1.0,1.0,0.25,20.951200043782592,"[16.05480001308024, 17.055499833077192, 17.778599867597222]"
flask-18,flask,hybrid,1.0,1.0,1.0,0.3333333333333333,30.47840017825365,"[31.047599855810404, 28.754800092428923, 27.610799996182323]"
flask-18,flask,ast-aware,1.0,1.0,1.0,0.3333333333333333,42.49989986419678,"[43.392900144681334, 39.9426999501884, 41.297500021755695]"
flask-19,flask,vector-only,1.0,1.0,1.0,1.0,27.47189998626709,"[26.702000061050057, 24.257800076156855, 27.10739988833666]"
flask-19,flask,bm25,1.0,1.0,1.0,0.5,16.07690006494522,"[17.629300011321902, 17.808499978855252, 17.99269998446107]"
flask-19,flask,hybrid,1.0,1.0,1.0,1.0,35.05570022389293,"[27.25249994546175, 28.039800003170967, 27.69410004839301]"
flask-19,flask,ast-aware,1.0,1.0,1.0,0.5,40.90959997847676,"[41.69950005598366, 39.965900126844645, 43.46579988487065]"
flask-20,flask,vector-only,0.0,0.5,1.0,0.1,26.444299845024943,"[26.000899961218238, 25.2275001257658, 26.136199943721294]"
flask-20,flask,bm25,0.5,0.5,0.5,1.0,17.732199979946017,"[17.980899894610047, 20.592200104147196, 20.429500145837665]"
flask-20,flask,hybrid,0.0,0.5,1.0,0.16666666666666666,28.896700125187635,"[34.313400043174624, 32.06180012784898, 27.582800015807152]"
flask-20,flask,ast-aware,0.5,0.5,1.0,1.0,45.004399958997965,"[41.85079992748797, 43.48190012387931, 41.89720004796982]"
express-06,express,vector-only,0.5,0.6666666666666666,1.0,1.0,86.33519988507032,"[22.62279996648431, 21.120899822562933, 19.15699988603592]"
express-06,express,bm25,0.6666666666666666,0.8333333333333334,1.0,1.0,90.85729997605085,"[9.820299921557307, 11.590599780902267, 10.766600025817752]"
express-06,express,hybrid,0.6666666666666666,1.0,1.0,1.0,20.738599821925163,"[21.79330005310476, 22.132599959149957, 20.684200106188655]"
express-06,express,ast-aware,0.6666666666666666,1.0,1.0,1.0,256.7292000167072,"[26.194300036877394, 26.2170999776572, 26.496400125324726]"
express-07,express,vector-only,0.6666666666666666,0.6666666666666666,0.6666666666666666,1.0,19.554900005459785,"[19.465999910607934, 18.1429001968354, 18.02389998920262]"
express-07,express,bm25,0.6666666666666666,0.6666666666666666,0.6666666666666666,0.5,14.874299988150597,"[10.12779981829226, 10.322599904611707, 9.822399821132421]"
express-07,express,hybrid,0.6666666666666666,0.6666666666666666,0.6666666666666666,1.0,21.764100063592196,"[21.011200034990907, 21.72650001011789, 21.97309979237616]"
express-07,express,ast-aware,0.6666666666666666,0.6666666666666666,0.6666666666666666,1.0,26.328600011765957,"[24.75790004245937, 24.563500192016363, 25.963599793612957]"
express-08,express,vector-only,0.3333333333333333,0.6666666666666666,0.6666666666666666,1.0,18.48289999179542,"[17.892400035634637, 19.842099864035845, 18.157799961045384]"
express-08,express,bm25,0.0,0.3333333333333333,0.3333333333333333,0.1111111111111111,11.708399979397655,"[9.368499973788857, 9.587000124156475, 9.494900004938245]"
express-08,express,hybrid,0.3333333333333333,0.3333333333333333,0.3333333333333333,0.5,20.4046000726521,"[22.25540019571781, 21.260600071400404, 20.54110006429255]"
express-08,express,ast-aware,0.3333333333333333,0.3333333333333333,0.3333333333333333,0.3333333333333333,24.146700045093894,"[24.56809999421239, 24.407199816778302, 24.999199900776148]"
express-09,express,vector-only,1.0,1.0,1.0,1.0,20.13049996457994,"[18.571499967947602, 18.342999974265695, 18.57779989950359]"
express-09,express,bm25,1.0,1.0,1.0,1.0,11.780499946326017,"[10.359799955040216, 11.229300172999501, 10.5296999681741]"
express-09,express,hybrid,1.0,1.0,1.0,1.0,23.22819991968572,"[21.793799940496683, 21.809899946674705, 21.664199884980917]"
express-09,express,ast-aware,1.0,1.0,1.0,1.0,25.40100016631186,"[24.9443999491632, 26.07470005750656, 27.1550000179559]"
express-10,express,vector-only,0.5,0.5,1.0,0.5,16.989100025966763,"[18.62929994240403, 17.613499891012907, 17.72849983535707]"
express-10,express,bm25,0.5,1.0,1.0,0.25,11.863899882882833,"[9.77809983305633, 9.369999868795276, 9.292500093579292]"
express-10,express,hybrid,1.0,1.0,1.0,1.0,20.48179996199906,"[20.256799878552556, 21.281100111082196, 20.776099991053343]"
express-10,express,ast-aware,1.0,1.0,1.0,1.0,26.300800032913685,"[25.14709997922182, 24.515500059351325, 24.642399977892637]"
express-11,express,vector-only,0.5,1.0,1.0,0.5,18.263500183820724,"[19.058399833738804, 18.330899998545647, 21.2309998460114]"
express-11,express,bm25,0.5,1.0,1.0,0.5,11.449200101196766,"[10.867899982258677, 11.796599952504039, 10.079700034111738]"
express-11,express,hybrid,1.0,1.0,1.0,0.5,25.602000067010522,"[23.490600055083632, 23.255000123754144, 22.79340010136366]"
express-11,express,ast-aware,0.5,1.0,1.0,1.0,29.656599974259734,"[29.36209994368255, 28.577799908816814, 29.681900050491095]"
express-12,express,vector-only,1.0,1.0,1.0,1.0,20.35750006325543,"[17.439999850466847, 29.99629988335073, 24.311000015586615]"
express-12,express,bm25,0.0,0.0,0.0,0,9.581200079992414,"[9.173900121822953, 10.756400180980563, 9.385399986058474]"
express-12,express,hybrid,0.6666666666666666,1.0,1.0,0.3333333333333333,21.290099946781993,"[22.688499884679914, 21.03030006401241, 21.200499963015318]"
express-12,express,ast-aware,0.6666666666666666,1.0,1.0,0.3333333333333333,24.784799898043275,"[25.134399998933077, 25.506600039079785, 30.913100112229586]"
express-13,express,vector-only,0.5,0.75,1.0,1.0,24.31239979341626,"[25.37090005353093, 20.453300094231963, 18.71870015747845]"
express-13,express,bm25,0.75,0.75,0.75,1.0,9.202399989590049,"[9.211000055074692, 8.973099989816546, 10.242499876767397]"
express-13,express,hybrid,0.75,0.75,0.75,1.0,20.475300028920174,"[20.267700077965856, 21.38939988799393, 20.36339999176562]"
express-13,express,ast-aware,0.75,0.75,0.75,1.0,24.514000164344907,"[25.05830000154674, 25.150200119242072, 24.992099963128567]"
express-14,express,vector-only,0.25,1.0,1.0,1.0,17.572299810126424,"[18.923599971458316, 17.627099994570017, 18.513699993491173]"
express-14,express,bm25,0.5,0.5,1.0,0.3333333333333333,10.371000040322542,"[9.746000170707703, 9.39469994045794, 9.545400040224195]"
express-14,express,hybrid,0.75,1.0,1.0,1.0,23.767299950122833,"[22.324600024148822, 21.279799984768033, 22.926900070160627]"
express-14,express,ast-aware,0.75,1.0,1.0,1.0,26.745300041511655,"[27.597500011324883, 27.3997001349926, 27.256499975919724]"
express-15,express,vector-only,1.0,1.0,1.0,1.0,17.936900025233626,"[19.099700031802058, 19.469100050628185, 19.037900026887655]"
express-15,express,bm25,0.0,0.5,1.0,0.16666666666666666,9.591200156137347,"[9.759499924257398, 9.492599871009588, 10.234100045636296]"
express-15,express,hybrid,1.0,1.0,1.0,1.0,20.940199960023165,"[23.11760000884533, 21.87910000793636, 25.251399958506227]"
express-15,express,ast-aware,1.0,1.0,1.0,0.5,28.96809997037053,"[28.21579994633794, 25.002999929711223, 26.978899957612157]"
express-16,express,vector-only,0.5,0.6666666666666666,0.8333333333333334,1.0,24.058999959379435,"[26.324399979785085, 25.623800000175834, 24.481300031766295]"
express-16,express,bm25,0.16666666666666666,0.16666666666666666,0.5,0.5,10.797200025990605,"[18.606199882924557, 12.009500060230494, 12.59960001334548]"
express-16,express,hybrid,0.5,0.6666666666666666,0.6666666666666666,0.5,35.15590005554259,"[27.210599975660443, 22.006099810823798, 25.800600182265043]"
express-16,express,ast-aware,0.16666666666666666,0.6666666666666666,0.6666666666666666,1.0,26.838500052690506,"[28.825800167396665, 27.58569992147386, 28.695600107312202]"
express-17,express,vector-only,1.0,1.0,1.0,1.0,19.22710007056594,"[21.37209987267852, 20.51150007173419, 34.62279983796179]"
express-17,express,bm25,0.5,0.5,0.5,1.0,10.405000066384673,"[9.751100093126297, 10.100899962708354, 10.032099904492497]"
express-17,express,hybrid,1.0,1.0,1.0,1.0,22.17509993351996,"[21.669700043275952, 21.453000139445066, 21.748100174590945]"
express-17,express,ast-aware,1.0,1.0,1.0,1.0,25.336100021377206,"[24.89829994738102, 26.71360014937818, 26.583299972116947]"
express-18,express,vector-only,0.3333333333333333,0.3333333333333333,0.3333333333333333,1.0,18.327799858525395,"[18.412599805742502, 18.410899909213185, 18.958500120788813]"
express-18,express,bm25,0.3333333333333333,0.3333333333333333,0.3333333333333333,1.0,9.706499986350536,"[9.873199975118041, 9.46620013564825, 9.403199888765812]"
express-18,express,hybrid,0.3333333333333333,0.3333333333333333,0.3333333333333333,1.0,21.697100019082427,"[20.649499958381057, 20.95549996010959, 22.95259991660714]"
express-18,express,ast-aware,0.3333333333333333,0.3333333333333333,0.3333333333333333,0.5,25.150599889457226,"[25.214199908077717, 26.551200076937675, 25.214900029823184]"
express-19,express,vector-only,0.3333333333333333,0.6666666666666666,1.0,1.0,17.47870002873242,"[17.973599955439568, 20.125399809330702, 17.564099980518222]"
express-19,express,bm25,0.3333333333333333,0.3333333333333333,0.3333333333333333,0.3333333333333333,9.72380000166595,"[9.263700107112527, 9.399099973961711, 10.33590012229979]"
express-19,express,hybrid,0.3333333333333333,0.3333333333333333,0.3333333333333333,0.5,21.34649991057813,"[21.102299913764, 20.683699985966086, 21.282700123265386]"
express-19,express,ast-aware,0.3333333333333333,0.3333333333333333,0.3333333333333333,0.5,25.229600025340915,"[25.071300100535154, 24.49380001053214, 25.75040003284812]"
express-20,express,vector-only,0.6666666666666666,1.0,1.0,1.0,17.434600042179227,"[18.950799945741892, 18.468900118023157, 19.273099955171347]"
express-20,express,bm25,0.3333333333333333,0.6666666666666666,0.6666666666666666,0.3333333333333333,12.190100038424134,"[9.970200015231967, 11.82330003939569, 10.509000159800053]"
express-20,express,hybrid,0.6666666666666666,0.6666666666666666,0.6666666666666666,1.0,22.33529998920858,"[22.495000157505274, 20.952900173142552, 21.14580012857914]"
express-20,express,ast-aware,0.6666666666666666,0.6666666666666666,0.6666666666666666,0.3333333333333333,25.80009982921183,"[25.355900172144175, 25.40909987874329, 27.001299895346165]"
typescript-06,typescript,vector-only,0.0,0.3333333333333333,0.3333333333333333,0.125,1152.441899990663,"[419.2777001298964, 416.30630008876324, 665.3562998399138]"
typescript-06,typescript,bm25,0.0,0.0,0.0,0,645.2149001415819,"[404.2284998577088, 459.31509998627007, 412.6013000495732]"
typescript-06,typescript,hybrid,0.0,0.0,0.0,0,582.0643999613822,"[492.0125000644475, 459.36849992722273, 582.1207999251783]"
typescript-06,typescript,ast-aware,0.0,0.0,0.0,0,1202.3138999938965,"[1201.4266001060605, 1288.272799924016, 1212.6918998546898]"
typescript-07,typescript,vector-only,0.0,0.25,0.5,0.1,412.65149996615946,"[545.7844999618828, 411.9877000339329, 446.7846001498401]"
typescript-07,typescript,bm25,0.0,0.0,0.5,0,393.4906998183578,"[489.9796999525279, 376.1775998864323, 380.89360017329454]"
typescript-07,typescript,hybrid,0.5,0.5,0.5,1.0,429.1707999072969,"[452.1236999426037, 566.1847998853773, 430.2592999301851]"
typescript-07,typescript,ast-aware,0.5,0.5,0.5,1.0,1134.2071001417935,"[1262.9160999786109, 1151.257700053975, 1155.9403000865132]"
typescript-08,typescript,vector-only,0.0,0.0,0.0,0,412.83820010721684,"[538.2033998612314, 419.91510009393096, 434.1488000936806]"
typescript-08,typescript,bm25,0.0,0.0,0.0,0,443.9844998996705,"[543.6211999040097, 406.80529992096126, 406.1660000588745]"
typescript-08,typescript,hybrid,0.0,0.0,0.0,0,473.81530003622174,"[591.6063999757171, 497.88559996522963, 479.91100000217557]"
typescript-08,typescript,ast-aware,0.0,0.0,0.0,0,1303.3946000505239,"[1175.2516999840736, 1299.5122000575066, 1156.60100011155]"
typescript-09,typescript,vector-only,0.3333333333333333,0.3333333333333333,0.3333333333333333,0.5,416.37280001305044,"[415.4596000444144, 430.09659997187555, 545.7590001169592]"
typescript-09,typescript,bm25,0.0,0.0,0.0,0,401.54200000688434,"[398.85009988211095, 397.08960009738803, 536.0938999801874]"
typescript-09,typescript,hybrid,0.0,0.3333333333333333,0.6666666666666666,0.125,458.7529001291841,"[464.30630004033446, 605.5341998580843, 467.06880000419915]"
typescript-09,typescript,ast-aware,0.0,0.3333333333333333,0.6666666666666666,0.125,1270.9684998262674,"[1332.0951000787318, 1206.0237999539822, 1166.4695001672953]"
typescript-10,typescript,vector-only,0.0,0.0,0.0,0,412.06789994612336,"[536.7046999745071, 403.9483000524342, 434.65099995955825]"
typescript-10,typescript,bm25,0.0,0.0,0.0,0,478.94840012304485,"[572.3468998912722, 445.5260999966413, 434.0355999302119]"
typescript-10,typescript,hybrid,0.0,0.0,0.0,0,622.0378000289202,"[502.87030008621514, 494.9501999653876, 623.3602000866085]"
typescript-10,typescript,ast-aware,0.0,0.0,0.0,0,1221.7566999606788,"[1326.5909000765532, 1222.9690998792648, 1189.7227000445127]"
typescript-11,typescript,vector-only,0.0,0.0,0.0,0,562.225200003013,"[438.898199936375, 432.96869983896613, 408.99120015092194]"
typescript-11,typescript,bm25,0.0,0.0,0.0,0,555.3206999320537,"[410.8041999861598, 418.8872999511659, 407.118400093168]"
typescript-11,typescript,hybrid,0.0,0.0,0.0,0,579.1498001199216,"[468.83710008114576, 463.26340013183653, 564.0192998107523]"
typescript-11,typescript,ast-aware,0.0,0.0,0.0,0,1130.412899889052,"[1242.8999000694603, 1121.8677000142634, 1117.0765000861138]"
typescript-12,typescript,vector-only,0.0,0.0,0.0,0,391.18399983271956,"[386.9670000858605, 513.9920001383871, 390.6950999516994]"
typescript-12,typescript,bm25,0.0,0.0,0.0,0,412.3360998928547,"[518.4730000328273, 404.0562000591308, 400.92429984360933]"
typescript-12,typescript,hybrid,0.0,0.0,0.0,0,574.9111999757588,"[471.13740001805127, 467.7313999272883, 582.8361001331359]"
typescript-12,typescript,ast-aware,0.0,0.0,0.0,0,1144.4323000032455,"[1125.9836999233812, 1244.6038001216948, 1142.0000998768955]"
typescript-13,typescript,vector-only,0.0,0.0,0.0,0,387.6602000091225,"[399.577499832958, 509.1047999449074, 402.9914001002908]"
typescript-13,typescript,bm25,0.0,0.0,0.0,0,380.3160001989454,"[483.36079996079206, 375.0398999545723, 368.7394999433309]"
typescript-13,typescript,hybrid,0.0,0.0,0.0,0,424.18189998716116,"[540.0872998870909, 429.2376001831144, 460.8211999293417]"
typescript-13,typescript,ast-aware,0.0,0.0,0.0,0,1098.6782999243587,"[1205.6453002151102, 1092.963800067082, 1089.8404999170452]"
typescript-14,typescript,vector-only,0.0,0.0,0.0,0,495.8281998988241,"[399.40540003590286, 400.57709999382496, 401.70220006257296]"
typescript-14,typescript,bm25,0.0,0.0,0.0,0,535.438499879092,"[416.7742000427097, 416.3588001392782, 535.72339983657]"
typescript-14,typescript,hybrid,0.0,0.0,0.0,0,679.1163999587297,"[677.0407999865711, 489.57309988327324, 474.3737999815494]"
typescript-14,typescript,ast-aware,0.0,0.0,0.0,0,1260.4865001048893,"[1158.4945998620242, 1164.7137999534607, 1401.2053001206368]"
typescript-15,typescript,vector-only,0.0,0.5,0.5,0.1,398.1429999694228,"[412.92340005747974, 390.4587000142783, 395.40289994329214]"
typescript-15,typescript,bm25,0.0,0.0,0.0,0,552.2158998064697,"[426.63780017755926, 543.4707999229431, 433.9131999295205]"
typescript-15,typescript,hybrid,0.0,0.0,0.0,0,481.7131001036614,"[619.209700031206, 491.27630004659295, 483.3776999730617]"
typescript-15,typescript,ast-aware,0.0,0.0,0.0,0,1291.8392999563366,"[1162.0618000160903, 1150.8352998644114, 1276.6283999662846]"
typescript-16,typescript,vector-only,0.0,0.0,0.3333333333333333,0,396.6606999747455,"[386.618799995631, 392.4727998673916, 555.3206999320537]"
typescript-16,typescript,bm25,0.0,0.0,0.3333333333333333,0,440.9091998822987,"[547.4031998310238, 443.67179996334016, 446.4532001875341]"
typescript-16,typescript,hybrid,0.0,0.3333333333333333,0.6666666666666666,0.1111111111111111,612.066299887374,"[505.345500074327, 501.9870998803526, 603.970899945125]"
typescript-16,typescript,ast-aware,0.0,0.3333333333333333,0.6666666666666666,0.1111111111111111,1171.1452000308782,"[1279.8486999236047, 1171.8881002161652, 1289.7119999397546]"
typescript-17,typescript,vector-only,0.0,0.0,0.0,0,393.61019991338253,"[410.8568001538515, 404.5585000421852, 403.2990999985486]"
typescript-17,typescript,bm25,0.3333333333333333,0.6666666666666666,0.6666666666666666,0.3333333333333333,532.6046999543905,"[421.9565000385046, 422.735600033775, 532.6992999762297]"
typescript-17,typescript,hybrid,0.0,0.3333333333333333,0.6666666666666666,0.16666666666666666,481.1811000108719,"[496.85320002026856, 586.1062998883426, 487.12090007029474]"
typescript-17,typescript,ast-aware,0.0,0.3333333333333333,0.6666666666666666,0.16666666666666666,1284.7583000548184,"[1142.5187999848276, 1149.6957000344992, 1253.297499846667]"
typescript-18,typescript,vector-only,0.5,0.5,1.0,0.25,387.614700011909,"[398.49040005356073, 399.3285000324249, 505.79329999163747]"
typescript-18,typescript,bm25,0.0,0.0,0.0,0,451.1507998686284,"[441.73879991285503, 553.1750998925418, 437.40499997511506]"
typescript-18,typescript,hybrid,0.5,0.5,0.5,0.5,604.9133001361042,"[501.6363998875022, 614.1105000860989, 501.28720002248883]"
typescript-18,typescript,ast-aware,0.5,0.5,0.5,0.5,1173.6008999869227,"[1270.6154000479728, 1179.4613997917622, 1293.749799951911]"
typescript-19,typescript,vector-only,0.0,0.0,0.5,0,386.62020000629127,"[396.2527001276612, 394.0290999598801, 423.9439000375569]"
typescript-19,typescript,bm25,0.0,0.0,0.0,0,546.175500145182,"[433.02639992907643, 420.0927000492811, 537.5113000627607]"
typescript-19,typescript,hybrid,0.0,0.5,0.5,0.14285714285714285,483.1564000342041,"[490.00709992833436, 606.2559999991208, 499.9451001640409]"
typescript-19,typescript,ast-aware,0.0,0.5,0.5,0.1111111111111111,1294.4476001430303,"[1180.0218999851495, 1165.9427999984473, 1268.8626998569816]"
typescript-20,typescript,vector-only,0.0,0.0,0.0,0,400.8392998948693,"[395.9851998370141, 428.57059999369085, 521.6630999930203]"
typescript-20,typescript,bm25,0.0,0.0,0.0,0,450.5092999897897,"[459.1003998648375, 595.4068000428379, 474.4522999972105]"
typescript-20,typescript,hybrid,0.0,0.0,0.0,0,507.325500017032,"[625.1479999627918, 521.9934999477118, 616.3687999360263]"
typescript-20,typescript,ast-aware,0.0,0.0,0.0,0,1248.1404999271035,"[1160.1276998408139, 1332.1326000150293, 1157.3830000124872]"
